order_id,paid_at,region,channel,category,customer_id,quantity,amount,discount_amount,refund_amount,status
1,2025-07-01 19:50:00,西南,distributor,家电,31,5,3910.65,0.0,3910.65,refunded
2,2025-07-01 08:18:00,华东,store,食品,31,4,247.8,32.21,0.0,paid
3,2025-07-02 09:55:00,华东,distributor,食品,33,2,128.62,0.0,0.0,paid
4,2025-07-02 19:53:00,华南,store,食品,116,4,236.0,18.88,0.0,paid
5,2025-07-02 10:18:00,华东,store,服饰,55,1,200.76,18.07,0.0,paid
6,2025-07-03 15:49:00,华北,distributor,家电,7,4,3775.8,0.0,0.0,paid
7,2025-07-03 21:36:00,华东,online,家电,109,5,5304.1,0.0,0.0,paid
8,2025-07-04 16:05:00,华南,online,食品,57,3,175.23,21.03,0.0,paid
9,2025-07-05 19:20:00,华北,distributor,服饰,23,2,573.6,0.0,0.0,paid
10,2025-07-06 08:09:00,华南,distributor,食品,91,2,115.64,0.0,0.0,paid
11,2025-07-06 11:25:00,西南,online,食品,27,4,195.88,0.0,0.0,paid
12,2025-07-06 16:07:00,华南,online,食品,16,2,125.08,0.0,0.0,cancelled
13,2025-07-07 18:39:00,华南,online,服饰,84,1,207.93,0.0,0.0,paid
14,2025-07-07 14:38:00,华东,online,家电,32,2,1690.12,0.0,0.0,paid
15,2025-07-08 19:38:00,西南,store,家电,47,4,3056.6,305.66,0.0,paid
16,2025-07-09 09:06:00,华南,store,服饰,103,2,521.02,0.0,0.0,paid
17,2025-07-09 18:22:00,华北,online,家电,112,5,3865.7,0.0,0.0,paid
18,2025-07-10 10:01:00,华北,online,服饰,7,4,764.8,0.0,0.0,paid
19,2025-07-10 19:26:00,华南,store,食品,7,2,132.16,0.0,0.0,paid
20,2025-07-10 20:58:00,华北,store,食品,106,5,274.35,16.46,0.0,paid
21,2025-07-11 09:31:00,西南,online,家电,92,4,3991.56,0.0,3991.56,refunded
22,2025-07-12 16:26:00,华东,store,家电,38,4,3955.6,395.56,0.0,paid
23,2025-07-12 13:35:00,华东,online,家电,63,1,863.04,0.0,0.0,paid
24,2025-07-13 17:26:00,华北,online,服饰,79,5,1027.7,0.0,0.0,paid
25,2025-07-13 21:35:00,华东,online,食品,100,2,105.02,0.0,0.0,paid
26,2025-07-14 13:44:00,华东,distributor,食品,21,4,202.96,0.0,0.0,paid
27,2025-07-14 09:18:00,华东,online,服饰,1,4,936.88,131.16,0.0,paid
28,2025-07-15 11:05:00,华北,store,服饰,75,3,831.72,0.0,0.0,paid
29,2025-07-16 12:12:00,华北,online,食品,97,2,108.56,6.51,102.05,refunded
30,2025-07-16 08:50:00,华东,online,家电,106,3,3155.49,0.0,0.0,paid
31,2025-07-17 17:56:00,华南,online,家电,23,4,2984.68,388.01,0.0,paid
32,2025-07-17 08:02:00,华南,online,服饰,14,1,258.12,0.0,0.0,paid
33,2025-07-18 14:35:00,华东,store,食品,58,1,48.97,0.0,0.0,paid
34,2025-07-18 11:16:00,华东,online,食品,10,5,303.85,0.0,0.0,paid
35,2025-07-18 17:30:00,华东,online,食品,54,2,138.06,0.0,0.0,paid
36,2025-07-19 09:58:00,华东,online,食品,22,3,194.7,0.0,0.0,paid
37,2025-07-19 08:23:00,华东,online,服饰,50,2,425.42,0.0,425.42,refunded
38,2025-07-19 12:41:00,华北,online,服饰,109,2,430.2,0.0,0.0,paid
39,2025-07-20 11:00:00,华北,online,服饰,11,5,1386.2,0.0,0.0,paid
40,2025-07-21 17:00:00,华东,distributor,食品,102,2,110.92,0.0,0.0,paid
41,2025-07-21 21:09:00,华南,online,服饰,96,2,415.86,37.43,0.0,paid
42,2025-07-22 10:14:00,西南,online,服饰,58,3,803.04,0.0,0.0,cancelled
43,2025-07-22 17:19:00,华东,online,家电,77,3,3020.64,0.0,0.0,cancelled
44,2025-07-23 08:54:00,华东,online,食品,117,2,94.4,0.0,0.0,paid
45,2025-07-24 10:08:00,华北,online,服饰,2,3,638.13,0.0,0.0,paid
46,2025-07-24 13:15:00,华东,store,服饰,86,1,191.2,0.0,0.0,paid
47,2025-07-25 14:31:00,华东,online,家电,102,1,1015.87,0.0,0.0,paid
48,2025-07-25 11:41:00,华东,online,服饰,81,2,449.32,44.93,0.0,paid
49,2025-07-26 12:00:00,华东,online,食品,112,4,273.76,0.0,0.0,paid
50,2025-07-26 12:26:00,华南,store,食品,119,3,164.61,0.0,0.0,paid
51,2025-07-26 19:19:00,华南,online,家电,91,1,755.16,0.0,755.16,refunded
52,2025-07-27 19:07:00,华东,online,食品,106,2,114.46,0.0,0.0,paid
53,2025-07-27 19:08:00,西南,online,家电,95,4,3344.28,300.99,0.0,paid
54,2025-07-27 08:24:00,华北,online,服饰,56,3,745.68,0.0,0.0,paid
55,2025-07-28 08:00:00,华南,distributor,家电,85,3,2454.27,0.0,0.0,paid
56,2025-07-28 20:39:00,华南,store,食品,33,2,108.56,10.86,0.0,paid
57,2025-07-29 15:39:00,华北,online,家电,79,1,907.99,0.0,0.0,cancelled
58,2025-07-30 16:03:00,华南,store,服饰,85,5,1278.65,166.22,0.0,paid
59,2025-07-31 15:25:00,华北,store,家电,112,3,3020.64,0.0,0.0,cancelled
60,2025-07-31 14:59:00,华东,store,食品,73,2,121.54,0.0,121.54,refunded
61,2025-08-01 10:11:00,华东,distributor,食品,12,4,245.44,0.0,0.0,paid
62,2025-08-02 15:42:00,华北,online,家电,66,4,3272.36,0.0,0.0,paid
63,2025-08-03 21:04:00,华北,distributor,食品,32,3,145.14,0.0,0.0,paid
64,2025-08-03 18:03:00,华东,store,家电,87,2,1564.26,0.0,0.0,cancelled
65,2025-08-04 13:46:00,华东,online,食品,38,3,143.37,0.0,0.0,paid
66,2025-08-04 15:07:00,华南,store,食品,98,3,194.7,11.68,0.0,paid
67,2025-08-04 19:54:00,华北,online,家电,65,5,3955.6,0.0,0.0,paid
68,2025-08-05 19:19:00,华北,online,家电,109,4,3056.6,0.0,0.0,paid
69,2025-08-06 21:36:00,西南,store,家电,54,2,1726.08,120.83,0.0,paid
70,2025-08-07 17:24:00,华南,online,服饰,104,4,927.32,0.0,0.0,paid
71,2025-08-07 11:30:00,华北,online,服饰,117,5,956.0,95.6,0.0,paid
72,2025-08-07 17:47:00,华南,online,家电,21,2,1780.02,142.4,0.0,paid
73,2025-08-08 12:05:00,华南,store,家电,73,4,3020.64,0.0,0.0,paid
74,2025-08-08 17:44:00,西南,store,食品,32,1,60.18,0.0,60.18,refunded
75,2025-08-08 13:37:00,华南,online,服饰,12,1,205.54,14.39,191.15,refunded
76,2025-08-09 13:25:00,华北,online,家电,14,4,3236.4,420.73,0.0,paid
77,2025-08-10 10:01:00,华东,store,食品,63,1,49.56,0.0,0.0,paid
78,2025-08-10 10:54:00,华东,distributor,服饰,105,4,822.16,73.99,748.17,refunded
79,2025-08-10 12:14:00,华东,distributor,家电,81,5,4629.85,0.0,0.0,paid
80,2025-08-11 21:57:00,西南,online,服饰,102,3,803.04,0.0,0.0,paid
81,2025-08-11 10:54:00,华南,distributor,服饰,112,4,994.24,0.0,0.0,paid
82,2025-08-11 10:39:00,华北,distributor,服饰,102,5,1003.8,0.0,0.0,paid
83,2025-08-12 17:11:00,华东,distributor,家电,49,3,2454.27,0.0,0.0,paid
84,2025-08-12 09:02:00,华北,store,服饰,42,5,1135.25,170.29,0.0,paid
85,2025-08-12 10:23:00,华南,online,家电,117,2,1510.32,0.0,0.0,cancelled
86,2025-08-13 11:40:00,华南,online,服饰,44,2,473.22,0.0,0.0,paid
87,2025-08-13 15:13:00,华南,store,家电,46,2,1887.9,0.0,1887.9,refunded
88,2025-08-14 12:26:00,华南,store,服饰,43,1,258.12,0.0,0.0,cancelled
89,2025-08-14 16:11:00,华东,online,服饰,118,5,991.85,0.0,0.0,cancelled
90,2025-08-15 17:17:00,华东,store,家电,49,2,1654.16,165.42,0.0,cancelled
91,2025-08-15 12:07:00,华南,online,服饰,43,2,420.64,0.0,0.0,paid
92,2025-08-15 18:40:00,华北,online,服饰,90,1,282.02,39.48,0.0,cancelled
93,2025-08-16 11:13:00,华南,store,服饰,27,1,193.59,0.0,0.0,paid
94,2025-08-16 18:48:00,华东,store,服饰,66,1,272.46,35.42,0.0,cancelled
95,2025-08-17 12:46:00,华东,store,服饰,93,1,215.1,17.21,0.0,paid
96,2025-08-18 19:54:00,华北,online,服饰,58,2,525.8,0.0,0.0,cancelled
97,2025-08-18 08:47:00,华南,online,家电,84,5,4180.35,334.43,3845.92,refunded
98,2025-08-18 14:37:00,华东,store,家电,2,5,4495.0,539.4,0.0,cancelled
99,2025-08-19 11:10:00,华南,online,食品,28,5,292.05,0.0,0.0,paid
100,2025-08-19 18:07:00,华东,store,食品,6,1,56.64,0.0,0.0,paid
101,2025-08-20 20:17:00,华东,online,食品,96,3,152.22,0.0,0.0,paid
102,2025-08-21 12:31:00,华北,distributor,服饰,21,4,860.4,0.0,0.0,paid
103,2025-08-21 15:00:00,华东,online,食品,23,3,168.15,0.0,0.0,paid
104,2025-08-22 13:15:00,华北,distributor,家电,74,4,3919.64,0.0,0.0,cancelled
105,2025-08-23 13:13:00,华东,online,服饰,6,2,396.74,0.0,0.0,paid
106,2025-08-23 11:29:00,华东,online,服饰,52,1,258.12,25.81,0.0,paid
107,2025-08-24 17:28:00,华北,distributor,服饰,23,1,246.17,0.0,246.17,refunded
108,2025-08-24 11:59:00,华南,store,家电,10,2,1869.92,205.69,0.0,paid
109,2025-08-24 11:03:00,华南,distributor,食品,77,2,121.54,0.0,0.0,paid
110,2025-08-25 19:28:00,华北,distributor,食品,66,2,97.94,0.0,0.0,cancelled
111,2025-08-26 15:49:00,华北,distributor,服饰,75,3,731.34,0.0,0.0,paid
112,2025-08-26 21:39:00,华北,online,家电,109,1,916.98,110.04,0.0,paid
113,2025-08-27 21:43:00,华北,store,家电,54,4,4135.4,0.0,0.0,paid
114,2025-08-28 15:41:00,华东,online,家电,20,5,4360.15,0.0,0.0,paid
115,2025-08-29 10:36:00,西南,distributor,服饰,80,2,487.56,0.0,0.0,paid
116,2025-08-30 16:46:00,华东,store,家电,31,2,1869.92,0.0,0.0,paid
117,2025-08-30 19:00:00,华东,store,家电,79,4,3955.6,237.34,0.0,paid
118,2025-08-30 13:50:00,华南,store,食品,104,4,217.12,0.0,0.0,paid
119,2025-08-31 13:33:00,华东,online,家电,68,4,3775.8,188.79,0.0,paid
120,2025-08-31 20:51:00,华南,online,服饰,114,5,1290.6,0.0,0.0,paid
121,2025-09-01 11:35:00,华南,online,服饰,114,4,917.76,0.0,0.0,paid
122,2025-09-01 21:03:00,华南,online,服饰,30,1,236.61,0.0,0.0,paid
123,2025-09-01 21:01:00,华东,online,家电,57,4,3200.44,480.07,0.0,paid
124,2025-09-02 12:07:00,华北,store,家电,30,5,4045.5,0.0,0.0,paid
125,2025-09-02 17:28:00,华北,online,食品,37,5,321.55,0.0,0.0,paid
126,2025-09-03 21:11:00,西南,online,食品,8,5,265.5,0.0,0.0,paid
127,2025-09-03 11:02:00,西南,distributor,食品,98,2,123.9,9.91,0.0,paid
128,2025-09-04 18:19:00,西南,store,服饰,116,3,595.11,0.0,0.0,paid
129,2025-09-05 21:59:00,华北,online,食品,10,1,54.87,0.0,0.0,paid
130,2025-09-05 16:44:00,华东,store,家电,89,4,3596.0,0.0,0.0,paid
131,2025-09-05 20:15:00,华北,online,家电,2,3,2723.97,0.0,0.0,paid
132,2025-09-06 11:53:00,华南,online,食品,6,2,96.76,0.0,96.76,refunded
133,2025-09-06 19:37:00,西南,distributor,食品,110,1,54.28,0.0,0.0,paid
134,2025-09-06 14:50:00,华南,distributor,食品,84,2,135.7,0.0,0.0,paid
135,2025-09-07 15:13:00,华东,store,服饰,83,5,1099.4,98.95,0.0,paid
136,2025-09-07 13:04:00,华北,online,家电,96,4,3380.24,0.0,0.0,cancelled
137,2025-09-07 13:24:00,华北,store,食品,118,2,108.56,5.43,0.0,paid
138,2025-09-08 12:08:00,华东,distributor,服饰,24,1,279.63,0.0,0.0,paid
139,2025-09-08 14:29:00,华南,distributor,食品,56,4,245.44,0.0,0.0,paid
140,2025-09-08 08:35:00,华东,online,服饰,114,4,936.88,103.06,0.0,paid
141,2025-09-09 19:05:00,华北,online,家电,11,3,2454.27,171.8,0.0,paid
142,2025-09-09 18:50:00,华北,online,服饰,108,4,975.12,136.52,0.0,cancelled
143,2025-09-09 14:52:00,华北,distributor,家电,67,5,4629.85,0.0,0.0,paid
144,2025-09-10 19:08:00,华南,online,服饰,20,4,1070.72,0.0,1070.72,refunded
145,2025-09-11 08:10:00,华东,online,食品,56,2,125.08,0.0,0.0,paid
146,2025-09-11 13:06:00,华东,store,家电,11,2,1492.34,0.0,0.0,paid
147,2025-09-11 12:17:00,华东,store,食品,113,2,113.28,5.66,0.0,paid
148,2025-09-12 09:48:00,华北,store,家电,14,4,2948.72,442.31,0.0,paid
149,2025-09-12 15:26:00,华东,distributor,食品,69,2,106.2,0.0,0.0,paid
150,2025-09-13 10:39:00,华南,store,食品,97,4,259.6,18.17,0.0,paid
151,2025-09-13 15:21:00,华南,online,家电,89,5,5079.35,0.0,0.0,paid
152,2025-09-13 19:35:00,华东,online,食品,17,5,280.25,36.43,0.0,paid
153,2025-09-14 14:12:00,华南,store,食品,22,5,318.6,0.0,0.0,paid
154,2025-09-14 15:20:00,华东,online,家电,58,3,2912.76,0.0,0.0,paid
155,2025-09-14 18:46:00,华东,online,服饰,36,5,1338.4,80.3,0.0,paid
156,2025-09-15 18:27:00,华东,distributor,家电,42,2,1815.98,0.0,0.0,paid
157,2025-09-15 16:27:00,西南,online,食品,112,3,171.69,0.0,0.0,paid
158,2025-09-15 13:37:00,华东,online,家电,57,2,1582.24,174.05,0.0,paid
159,2025-09-16 14:39:00,华北,online,食品,75,1,53.69,0.0,53.69,refunded
160,2025-09-16 13:25:00,华北,online,家电,66,1,925.97,92.6,0.0,paid
161,2025-09-17 13:28:00,华北,online,食品,104,3,157.53,17.33,0.0,paid
162,2025-09-18 14:52:00,华东,store,服饰,27,2,492.34,0.0,0.0,cancelled
163,2025-09-18 14:44:00,华东,store,食品,96,5,330.4,39.65,290.75,refunded
164,2025-09-19 17:59:00,西南,distributor,食品,85,3,141.6,21.24,120.36,refunded
165,2025-09-20 09:15:00,华南,distributor,服饰,81,2,478.0,57.36,0.0,paid
166,2025-09-21 10:52:00,西南,online,服饰,54,5,1434.0,0.0,1434.0,refunded
167,2025-09-21 09:08:00,华东,distributor,食品,14,1,61.36,0.0,0.0,paid
168,2025-09-21 19:04:00,华北,store,家电,24,4,3272.36,392.68,0.0,paid
169,2025-09-22 10:52:00,华东,distributor,服饰,49,1,236.61,26.03,0.0,paid
170,2025-09-22 10:34:00,华北,online,家电,2,3,2562.15,0.0,0.0,paid
171,2025-09-23 11:39:00,华北,online,服饰,60,1,253.34,0.0,0.0,paid
172,2025-09-23 13:51:00,华南,store,家电,113,5,4989.45,0.0,0.0,paid
173,2025-09-23 16:02:00,华北,distributor,服饰,50,5,1087.45,0.0,0.0,paid
174,2025-09-24 11:52:00,华东,online,家电,107,5,4719.75,707.96,0.0,paid
175,2025-09-25 10:04:00,华南,online,家电,56,1,755.16,0.0,0.0,paid
176,2025-09-25 15:57:00,华南,online,食品,5,4,198.24,15.86,0.0,paid
177,2025-09-26 15:52:00,华北,online,食品,82,4,276.12,0.0,0.0,paid
178,2025-09-27 20:24:00,华东,store,家电,18,5,4315.2,0.0,0.0,paid
179,2025-09-27 13:05:00,华北,store,家电,12,1,845.06,0.0,0.0,paid
180,2025-09-27 15:19:00,华东,online,家电,58,3,2589.12,336.59,2252.53,refunded
181,2025-09-28 18:19:00,华南,distributor,家电,102,3,2535.18,0.0,0.0,paid
182,2025-09-29 10:21:00,华南,online,服饰,69,2,540.14,0.0,0.0,paid
183,2025-09-29 11:42:00,华东,distributor,家电,43,2,2067.7,0.0,0.0,paid
184,2025-09-30 14:09:00,华南,store,食品,6,5,345.15,44.87,0.0,paid
185,2025-09-30 14:07:00,华北,online,食品,9,1,50.74,0.0,0.0,paid
186,2025-09-30 19:49:00,华东,store,服饰,83,2,540.14,0.0,0.0,paid
187,2025-10-01 09:13:00,华东,store,家电,74,1,737.18,0.0,0.0,paid
188,2025-10-02 19:33:00,华北,store,服饰,99,4,783.92,54.87,0.0,paid
189,2025-10-03 13:20:00,西南,online,食品,73,5,292.05,0.0,0.0,cancelled
190,2025-10-03 13:49:00,西南,online,食品,111,3,166.38,0.0,0.0,paid
191,2025-10-03 11:35:00,华北,online,家电,8,1,755.16,0.0,0.0,paid
192,2025-10-04 10:49:00,华南,online,服饰,119,1,229.44,0.0,0.0,paid
193,2025-10-04 15:56:00,华南,online,食品,102,3,171.69,0.0,0.0,paid
194,2025-10-04 09:25:00,西南,store,服饰,19,4,764.8,0.0,0.0,paid
195,2025-10-05 13:51:00,华北,online,家电,83,4,2876.8,0.0,0.0,paid
196,2025-10-05 12:33:00,西南,online,服饰,31,1,193.59,0.0,0.0,paid
197,2025-10-05 18:53:00,华南,online,服饰,21,1,274.85,24.74,0.0,cancelled
198,2025-10-06 13:33:00,华北,online,食品,74,5,327.45,32.74,0.0,paid
199,2025-10-07 18:22:00,华南,online,家电,12,5,4270.25,0.0,0.0,paid
200,2025-10-08 08:25:00,华南,online,家电,16,2,1708.1,170.81,0.0,cancelled
201,2025-10-08 18:17:00,华北,online,家电,72,2,1941.84,0.0,1941.84,refunded
202,2025-10-09 08:45:00,华东,online,食品,105,2,118.0,5.9,0.0,paid
203,2025-10-10 14:33:00,华东,distributor,家电,107,2,1780.02,195.8,0.0,paid
204,2025-10-11 17:58:00,西南,store,食品,5,2,114.46,0.0,0.0,cancelled
205,2025-10-11 12:50:00,华东,store,食品,76,4,219.48,0.0,0.0,paid
206,2025-10-11 12:33:00,华北,online,服饰,77,2,391.96,0.0,0.0,paid
207,2025-10-12 16:31:00,华东,online,食品,25,2,96.76,0.0,0.0,paid
208,2025-10-12 17:06:00,华东,store,食品,10,2,100.3,6.02,0.0,paid
209,2025-10-12 17:54:00,华东,online,家电,29,3,2346.39,0.0,0.0,paid
210,2025-10-13 11:13:00,华东,store,家电,18,2,1869.92,0.0,0.0,paid
211,2025-10-13 20:47:00,华南,store,服饰,88,4,869.96,0.0,0.0,paid
212,2025-10-14 15:10:00,华东,store,食品,115,4,198.24,0.0,0.0,paid
213,2025-10-14 18:01:00,华东,online,食品,32,2,105.02,0.0,0.0,paid
214,2025-10-14 12:23:00,华东,online,食品,78,1,66.08,0.0,66.08,refunded
215,2025-10-15 13:56:00,华东,store,食品,69,1,59.59,6.55,0.0,paid
216,2025-10-15 21:11:00,华东,online,家电,33,4,3811.76,0.0,0.0,paid
217,2025-10-16 08:20:00,华东,online,服饰,64,5,979.9,0.0,979.9,refunded
218,2025-10-16 20:21:00,华南,online,服饰,64,3,609.45,91.42,0.0,paid
219,2025-10-16 16:33:00,华南,online,食品,72,3,173.46,0.0,0.0,paid
220,2025-10-17 17:15:00,华南,distributor,食品,114,3,152.22,0.0,0.0,cancelled
221,2025-10-17 14:17:00,华北,online,食品,64,3,153.99,9.24,0.0,paid
222,2025-10-18 17:30:00,华东,store,服饰,70,2,501.9,70.27,0.0,paid
223,2025-10-19 19:27:00,华东,online,服饰,4,3,774.36,92.92,0.0,paid
224,2025-10-19 12:43:00,华南,store,服饰,18,1,284.41,19.91,0.0,paid
225,2025-10-20 18:58:00,华北,store,食品,57,4,276.12,24.85,0.0,paid
226,2025-10-21 21:23:00,华南,distributor,服饰,36,2,497.12,0.0,0.0,paid
227,2025-10-21 17:58:00,华南,online,食品,53,2,135.7,13.57,0.0,paid
228,2025-10-22 08:54:00,华东,online,食品,114,2,140.42,12.64,0.0,paid
229,2025-10-22 21:07:00,西南,online,食品,36,2,128.62,0.0,0.0,paid
230,2025-10-23 13:19:00,西南,online,食品,77,3,171.69,0.0,0.0,paid
231,2025-10-23 11:11:00,华北,distributor,食品,43,2,99.12,8.92,0.0,paid
232,2025-10-23 13:27:00,华北,store,家电,14,3,3047.61,0.0,0.0,paid
233,2025-10-24 17:50:00,华南,online,家电,24,4,4279.24,599.09,3680.15,refunded
234,2025-10-24 11:44:00,西南,online,服饰,33,3,616.62,0.0,0.0,paid
235,2025-10-24 17:55:00,华南,distributor,服饰,48,4,994.24,0.0,0.0,paid
236,2025-10-25 14:49:00,华东,distributor,家电,55,3,3074.58,0.0,0.0,cancelled
237,2025-10-25 18:54:00,华东,distributor,食品,45,2,132.16,0.0,132.16,refunded
238,2025-10-25 13:11:00,华东,store,食品,100,2,94.4,0.0,0.0,paid
239,2025-10-26 21:19:00,华北,online,家电,115,3,2184.57,0.0,0.0,paid
240,2025-10-26 18:22:00,华北,online,服饰,2,3,709.83,0.0,709.83,refunded
241,2025-10-26 11:48:00,华南,online,服饰,119,5,979.9,0.0,0.0,paid
242,2025-10-27 12:19:00,华东,distributor,服饰,43,2,415.86,0.0,0.0,paid
243,2025-10-27 15:14:00,华东,online,家电,13,5,4719.75,0.0,4719.75,refunded
244,2025-10-27 08:36:00,华东,online,服饰,27,3,831.72,0.0,0.0,paid
245,2025-10-28 14:18:00,华北,distributor,家电,33,5,5214.2,0.0,0.0,paid
246,2025-10-28 18:14:00,华北,online,食品,2,2,107.38,0.0,0.0,paid
247,2025-10-29 17:09:00,西南,store,服饰,101,2,478.0,52.58,0.0,paid
248,2025-10-30 13:15:00,华东,online,家电,18,5,3910.65,312.85,0.0,paid
249,2025-10-31 08:13:00,华北,distributor,食品,59,5,277.3,0.0,0.0,paid
250,2025-10-31 13:19:00,华东,store,家电,83,2,1492.34,104.46,0.0,paid
251,2025-11-01 09:06:00,华东,online,食品,53,4,276.12,22.09,0.0,paid
252,2025-11-01 20:30:00,华南,store,食品,15,2,115.64,0.0,115.64,refunded
253,2025-11-01 15:58:00,华南,store,食品,20,5,277.3,0.0,0.0,paid
254,2025-11-02 14:57:00,华北,distributor,家电,31,3,2993.67,0.0,0.0,paid
255,2025-11-02 08:08:00,华南,store,家电,95,2,1618.2,0.0,0.0,paid
256,2025-11-02 18:03:00,华南,store,食品,9,4,228.92,0.0,0.0,paid
257,2025-11-03 15:38:00,华南,store,家电,54,2,1833.96,0.0,0.0,paid
258,2025-11-04 11:03:00,华北,distributor,服饰,71,2,454.1,0.0,0.0,paid
259,2025-11-04 14:28:00,西南,online,家电,72,5,3596.0,0.0,3596.0,refunded
260,2025-11-04 16:45:00,华南,online,服饰,66,3,795.87,95.5,0.0,cancelled
261,2025-11-05 09:45:00,华北,online,家电,87,2,1887.9,264.31,0.0,paid
262,2025-11-05 18:09:00,华北,distributor,服饰,56,1,239.0,0.0,0.0,paid
263,2025-11-05 11:49:00,华东,online,家电,89,1,1033.85,0.0,0.0,paid
264,2025-11-06 10:11:00,华东,online,食品,22,4,219.48,24.14,0.0,paid
265,2025-11-06 11:36:00,华南,store,服饰,32,1,246.17,0.0,0.0,paid
266,2025-11-06 17:16:00,华北,online,家电,63,5,3910.65,0.0,0.0,paid
267,2025-11-07 14:48:00,华东,online,家电,52,5,3596.0,539.4,0.0,paid
268,2025-11-07 12:28:00,华南,store,食品,45,2,129.8,0.0,0.0,paid
269,2025-11-08 14:37:00,华东,online,食品,31,2,110.92,0.0,110.92,refunded
270,2025-11-08 17:23:00,华东,online,家电,60,3,2562.15,0.0,0.0,paid
271,2025-11-08 16:15:00,华南,online,家电,46,2,1708.1,0.0,0.0,paid
272,2025-11-09 10:04:00,华北,distributor,家电,96,1,881.02,0.0,0.0,paid
273,2025-11-09 08:45:00,华东,online,服饰,45,3,731.34,0.0,0.0,paid
274,2025-11-09 12:32:00,华北,store,食品,40,4,250.16,0.0,0.0,paid
275,2025-11-10 18:03:00,华南,store,服饰,105,2,511.46,0.0,0.0,paid
276,2025-11-11 11:06:00,华南,online,服饰,57,5,1099.4,0.0,0.0,cancelled
277,2025-11-12 20:09:00,西南,store,食品,38,3,212.4,0.0,0.0,paid
278,2025-11-12 13:46:00,华东,online,服饰,19,4,793.48,63.48,0.0,paid
279,2025-11-12 18:41:00,华南,distributor,家电,28,4,3452.16,0.0,0.0,paid
280,2025-11-13 21:24:00,华南,online,家电,114,3,2750.94,165.06,0.0,paid
281,2025-11-14 14:42:00,华南,distributor,食品,115,1,62.54,0.0,0.0,paid
282,2025-11-14 20:07:00,华南,distributor,食品,10,5,238.95,19.12,219.83,refunded
283,2025-11-15 11:42:00,华东,online,家电,40,2,1618.2,0.0,0.0,paid
284,2025-11-15 11:57:00,华东,online,服饰,29,3,817.38,73.56,0.0,cancelled
285,2025-11-16 12:21:00,华北,store,服饰,107,3,659.64,0.0,0.0,paid
286,2025-11-16 13:13:00,华东,online,家电,119,2,1672.14,0.0,1672.14,refunded
287,2025-11-16 10:51:00,西南,store,食品,27,5,324.5,38.94,0.0,paid
288,2025-11-17 10:24:00,华北,store,家电,104,5,4405.1,0.0,0.0,paid
289,2025-11-17 10:29:00,华东,distributor,家电,7,1,764.15,84.06,0.0,paid
290,2025-11-17 10:44:00,西南,online,食品,11,3,146.91,14.69,0.0,paid
291,2025-11-18 09:04:00,西南,distributor,食品,65,2,94.4,4.72,0.0,paid
292,2025-11-18 13:26:00,华南,store,家电,64,3,2939.73,0.0,0.0,paid
293,2025-11-18 11:22:00,华南,store,家电,55,5,4090.45,0.0,0.0,paid
294,2025-11-19 14:37:00,华南,online,服饰,102,4,803.04,0.0,0.0,paid
295,2025-11-19 14:51:00,华东,store,家电,52,2,1564.26,156.43,1407.83,refunded
296,2025-11-19 20:55:00,西南,online,家电,69,2,1959.82,0.0,0.0,paid
297,2025-11-20 14:00:00,西南,online,食品,99,2,120.36,0.0,0.0,paid
298,2025-11-20 10:49:00,华北,store,食品,116,2,114.46,0.0,0.0,paid
299,2025-11-20 18:01:00,华北,distributor,食品,108,4,247.8,19.82,227.98,refunded
300,2025-11-21 15:13:00,华南,online,服饰,52,2,434.98,0.0,0.0,paid
301,2025-11-21 10:25:00,华东,online,食品,83,1,57.23,0.0,0.0,paid
302,2025-11-21 15:34:00,华南,online,家电,44,3,3128.52,0.0,0.0,paid
303,2025-11-22 10:20:00,华北,online,家电,24,2,1510.32,75.52,0.0,paid
304,2025-11-22 19:29:00,华东,online,服饰,29,5,1314.5,0.0,1314.5,refunded
305,2025-11-23 13:35:00,华东,online,服饰,49,4,841.28,0.0,0.0,paid
306,2025-11-24 20:46:00,华北,online,服饰,48,4,994.24,0.0,0.0,paid
307,2025-11-24 19:32:00,西南,online,家电,26,2,2139.62,0.0,0.0,paid
308,2025-11-24 20:11:00,西南,online,食品,57,1,55.46,0.0,55.46,refunded
309,2025-11-25 17:57:00,华南,online,服饰,25,2,444.54,44.45,0.0,paid
310,2025-11-25 08:04:00,华东,store,服饰,3,1,286.8,31.55,0.0,paid
311,2025-11-25 13:01:00,西南,store,服饰,50,5,1338.4,160.61,1177.79,refunded
312,2025-11-26 12:27:00,华北,store,服饰,38,3,810.21,0.0,0.0,paid
313,2025-11-27 14:21:00,华东,online,家电,66,2,2067.7,0.0,0.0,paid
314,2025-11-27 17:16:00,华东,store,服饰,31,2,516.24,0.0,0.0,paid
315,2025-11-28 17:17:00,西南,store,家电,6,5,4450.05,0.0,0.0,paid
316,2025-11-29 08:18:00,华南,distributor,家电,44,2,1887.9,94.39,0.0,paid
317,2025-11-29 16:49:00,华东,store,服饰,77,2,415.86,0.0,0.0,paid
318,2025-11-30 14:06:00,华东,store,食品,70,5,330.4,0.0,0.0,paid
319,2025-11-30 17:44:00,西南,store,服饰,44,2,535.36,0.0,0.0,paid
320,2025-12-01 20:33:00,华南,online,家电,57,5,4135.4,0.0,4135.4,refunded
321,2025-12-02 17:21:00,华北,online,家电,65,4,4099.44,0.0,0.0,paid
322,2025-12-02 20:48:00,西南,distributor,家电,32,5,3910.65,0.0,0.0,paid
323,2025-12-03 09:58:00,华东,store,服饰,1,1,222.27,0.0,222.27,refunded
324,2025-12-04 14:54:00,华北,online,食品,7,4,273.76,0.0,273.76,refunded
325,2025-12-04 18:51:00,华北,online,家电,47,2,1833.96,0.0,0.0,paid
326,2025-12-05 20:43:00,华南,distributor,服饰,71,1,217.49,0.0,0.0,paid
327,2025-12-05 15:41:00,华北,store,家电,68,4,2876.8,0.0,2876.8,refunded
328,2025-12-05 13:23:00,华东,store,服饰,77,3,767.19,0.0,0.0,paid
329,2025-12-06 14:23:00,华东,distributor,服饰,61,1,193.59,0.0,0.0,cancelled
330,2025-12-07 16:31:00,华东,online,服饰,83,3,760.02,0.0,760.02,refunded
331,2025-12-08 21:12:00,华北,online,食品,48,4,221.84,0.0,0.0,paid
332,2025-12-08 14:49:00,华北,distributor,家电,39,3,2616.09,366.25,0.0,paid
333,2025-12-09 11:19:00,华北,online,食品,68,2,129.8,0.0,129.8,refunded
334,2025-12-10 10:26:00,华东,store,家电,17,4,3631.96,0.0,0.0,paid
335,2025-12-10 11:26:00,西南,store,家电,90,5,4539.95,0.0,0.0,paid
336,2025-12-11 18:28:00,华东,store,服饰,46,5,956.0,0.0,0.0,paid
337,2025-12-11 14:23:00,西南,online,食品,39,2,125.08,0.0,0.0,cancelled
338,2025-12-11 20:43:00,华南,distributor,食品,42,2,103.84,0.0,0.0,paid
339,2025-12-12 10:10:00,华东,online,服饰,73,2,425.42,29.78,0.0,paid
340,2025-12-12 19:06:00,西南,online,服饰,11,4,1108.96,0.0,0.0,paid
341,2025-12-13 10:06:00,华北,online,家电,89,5,3640.95,0.0,0.0,paid
342,2025-12-14 16:55:00,华东,store,食品,66,3,148.68,14.87,0.0,paid
343,2025-12-14 14:06:00,华北,distributor,家电,34,4,3416.2,0.0,0.0,paid
344,2025-12-14 16:49:00,华北,store,家电,36,4,3739.84,0.0,0.0,paid
345,2025-12-15 10:55:00,华东,online,服饰,17,4,994.24,0.0,0.0,paid
346,2025-12-15 13:21:00,华东,store,食品,85,5,271.4,21.71,0.0,paid
347,2025-12-16 10:06:00,华南,distributor,服饰,43,3,630.96,0.0,0.0,paid
348,2025-12-17 13:34:00,西南,store,服饰,117,3,638.13,44.67,0.0,paid
349,2025-12-17 11:40:00,华东,online,食品,107,1,50.15,0.0,50.15,refunded
350,2025-12-17 10:25:00,华南,distributor,家电,2,2,1780.02,89.0,0.0,cancelled
351,2025-12-18 16:47:00,西南,store,食品,89,5,330.4,0.0,0.0,paid
352,2025-12-18 08:32:00,西南,distributor,食品,98,4,278.48,0.0,0.0,cancelled
353,2025-12-18 11:28:00,华东,distributor,食品,111,3,164.61,21.4,0.0,paid
354,2025-12-19 12:00:00,华东,store,食品,78,1,66.67,0.0,66.67,refunded
355,2025-12-20 18:34:00,西南,store,食品,119,4,231.28,0.0,0.0,paid
356,2025-12-20 08:13:00,西南,distributor,服饰,98,4,956.0,105.16,0.0,paid
357,2025-12-20 15:24:00,华南,distributor,食品,46,1,63.13,0.0,0.0,paid
358,2025-12-21 15:49:00,西南,distributor,家电,18,3,2831.85,0.0,0.0,paid
359,2025-12-21 12:41:00,华南,distributor,服饰,19,5,1302.55,0.0,0.0,paid
360,2025-12-22 10:16:00,西南,online,家电,32,4,3667.92,0.0,0.0,paid
361,2025-12-23 08:51:00,华南,distributor,食品,27,1,47.2,0.0,0.0,paid
362,2025-12-24 09:50:00,华东,online,食品,116,3,207.09,0.0,0.0,paid
363,2025-12-25 11:14:00,华北,online,服饰,52,1,236.61,0.0,0.0,paid
364,2025-12-25 18:27:00,西南,distributor,家电,85,1,1033.85,0.0,0.0,paid
365,2025-12-26 08:18:00,华东,distributor,食品,57,2,129.8,15.58,0.0,cancelled
366,2025-12-27 09:13:00,华东,online,食品,4,3,155.76,0.0,155.76,refunded
367,2025-12-28 10:06:00,华南,online,家电,13,1,827.08,0.0,0.0,paid
368,2025-12-28 14:43:00,华北,online,家电,77,5,3640.95,0.0,0.0,paid
369,2025-12-28 13:05:00,华东,store,家电,54,4,3200.44,416.06,0.0,paid
370,2025-12-29 17:57:00,华东,online,服饰,119,1,265.29,0.0,265.29,refunded
371,2025-12-30 14:19:00,西南,distributor,家电,50,2,1690.12,0.0,0.0,paid
372,2025-12-30 18:20:00,华北,store,服饰,68,2,506.68,0.0,0.0,paid
373,2025-12-31 11:38:00,华南,online,服饰,44,1,198.37,0.0,0.0,paid
374,2025-12-31 19:18:00,华南,online,食品,34,2,123.9,0.0,0.0,paid
375,2026-01-01 15:01:00,华东,store,服饰,118,5,1350.35,0.0,0.0,paid
376,2026-01-01 12:48:00,华北,store,服饰,101,2,573.6,28.68,0.0,paid
377,2026-01-01 17:27:00,西南,online,食品,99,4,245.44,17.18,0.0,paid
378,2026-01-02 11:45:00,华南,online,服饰,72,4,927.32,0.0,0.0,paid
379,2026-01-03 15:59:00,西南,online,家电,10,1,988.9,69.22,919.68,refunded
380,2026-01-03 12:35:00,华北,online,食品,43,3,161.07,0.0,161.07,refunded
381,2026-01-03 15:25:00,西南,online,家电,106,2,2085.68,292.0,1793.68,refunded
382,2026-01-04 12:14:00,华北,store,食品,7,4,269.04,13.45,0.0,paid
383,2026-01-04 18:06:00,华东,store,服饰,105,1,227.05,0.0,0.0,cancelled
384,2026-01-04 17:51:00,华北,store,食品,107,2,136.88,0.0,136.88,refunded
385,2026-01-05 10:18:00,华东,distributor,家电,28,3,2454.27,0.0,0.0,cancelled
386,2026-01-06 08:10:00,西南,online,食品,93,3,178.77,0.0,0.0,cancelled
387,2026-01-06 18:07:00,西南,store,服饰,5,4,936.88,0.0,0.0,paid
388,2026-01-07 14:52:00,华南,store,服饰,58,3,838.89,0.0,0.0,cancelled
389,2026-01-07 13:06:00,华东,store,食品,87,3,153.99,0.0,0.0,paid
390,2026-01-08 18:49:00,华东,online,食品,95,4,195.88,0.0,195.88,refunded
391,2026-01-09 08:21:00,华南,store,服饰,43,5,1075.5,0.0,0.0,paid
392,2026-01-09 21:00:00,华南,online,食品,8,4,195.88,11.75,0.0,paid
393,2026-01-10 13:16:00,华南,online,服饰,89,1,279.63,0.0,0.0,paid
394,2026-01-11 17:53:00,华北,online,家电,92,5,4450.05,0.0,0.0,paid
395,2026-01-11 17:33:00,华北,distributor,家电,37,3,2858.82,228.71,0.0,paid
396,2026-01-11 11:12:00,华南,distributor,家电,101,5,4719.75,0.0,0.0,paid
397,2026-01-12 13:02:00,华北,online,服饰,50,5,1147.2,0.0,1147.2,refunded
398,2026-01-13 14:32:00,华北,distributor,家电,49,4,3919.64,470.36,0.0,paid
399,2026-01-13 13:02:00,西南,distributor,服饰,57,5,991.85,138.86,0.0,paid
400,2026-01-13 11:11:00,西南,online,家电,33,2,2157.6,0.0,0.0,paid
401,2026-01-14 19:56:00,华南,online,家电,120,4,2948.72,176.92,0.0,paid
402,2026-01-15 12:24:00,华东,store,食品,75,1,53.1,0.0,0.0,paid
403,2026-01-16 14:00:00,华北,online,服饰,53,2,525.8,0.0,0.0,paid
404,2026-01-17 15:38:00,华北,store,食品,95,2,122.72,0.0,122.72,refunded
405,2026-01-17 16:36:00,华东,online,家电,76,2,1564.26,0.0,0.0,paid
406,2026-01-17 17:31:00,华东,distributor,服饰,7,1,205.54,0.0,0.0,paid
407,2026-01-18 13:35:00,华东,distributor,服饰,75,5,979.9,58.79,0.0,paid
408,2026-01-18 10:47:00,华南,online,服饰,111,4,879.52,0.0,0.0,paid
409,2026-01-19 21:14:00,华北,online,服饰,37,1,265.29,29.18,236.11,refunded
410,2026-01-19 19:16:00,华东,store,家电,93,3,2508.21,376.23,0.0,cancelled
411,2026-01-20 13:46:00,华北,distributor,服饰,59,2,497.12,64.63,0.0,cancelled
412,2026-01-21 16:18:00,华南,online,食品,71,1,67.85,0.0,0.0,paid
413,2026-01-22 11:45:00,华南,store,服饰,65,1,217.49,21.75,195.74,refunded
414,2026-01-22 16:12:00,华北,store,服饰,106,3,709.83,0.0,0.0,cancelled
415,2026-01-23 13:43:00,华东,distributor,服饰,82,2,434.98,34.8,0.0,paid
416,2026-01-23 11:30:00,华东,online,家电,72,3,3128.52,0.0,0.0,paid
417,2026-01-23 09:38:00,华北,store,家电,60,3,2993.67,0.0,0.0,paid
418,2026-01-24 12:34:00,华东,store,服饰,99,2,396.74,51.58,0.0,paid
419,2026-01-25 09:20:00,华南,online,食品,56,5,327.45,0.0,0.0,paid
420,2026-01-25 19:56:00,西南,online,家电,16,4,4279.24,0.0,0.0,paid
421,2026-01-26 17:55:00,华南,online,服饰,85,2,544.92,0.0,0.0,cancelled
422,2026-01-27 10:51:00,西南,distributor,家电,72,4,3272.36,425.41,0.0,paid
423,2026-01-27 11:53:00,华北,online,食品,110,3,198.24,0.0,0.0,paid
424,2026-01-27 19:55:00,华北,online,家电,104,3,2589.12,0.0,0.0,paid
425,2026-01-28 15:15:00,华北,store,食品,48,5,253.7,15.22,0.0,paid
426,2026-01-28 17:51:00,华北,online,食品,88,1,67.85,0.0,0.0,paid
427,2026-01-29 14:42:00,华北,online,食品,47,4,191.16,0.0,0.0,cancelled
428,2026-01-29 14:11:00,华北,distributor,服饰,102,4,869.96,113.09,0.0,paid
429,2026-01-29 19:22:00,华东,online,服饰,92,1,217.49,26.1,0.0,cancelled
430,2026-01-30 21:15:00,西南,online,家电,80,2,1474.36,0.0,0.0,paid
431,2026-01-30 10:33:00,华南,store,家电,17,5,3910.65,0.0,0.0,paid
432,2026-01-30 16:00:00,西南,distributor,食品,75,1,63.72,7.65,0.0,paid
433,2026-01-31 17:29:00,华北,distributor,服饰,113,1,217.49,17.4,200.09,refunded
434,2026-01-31 12:06:00,华东,store,服饰,35,1,260.51,0.0,0.0,paid
435,2026-02-01 19:08:00,华北,store,服饰,94,1,246.17,22.16,0.0,paid
436,2026-02-01 11:15:00,华东,store,食品,14,2,96.76,0.0,0.0,paid
437,2026-02-02 12:56:00,华东,distributor,家电,101,5,4405.1,0.0,0.0,paid
438,2026-02-02 16:40:00,华东,online,家电,22,2,1744.06,174.41,0.0,paid
439,2026-02-03 18:54:00,西南,online,服饰,11,5,979.9,58.79,0.0,paid
440,2026-02-03 12:54:00,华北,store,食品,97,2,132.16,0.0,0.0,paid
441,2026-02-03 13:35:00,华南,store,食品,73,5,292.05,0.0,292.05,refunded
442,2026-02-04 11:29:00,华东,online,家电,4,2,1833.96,0.0,0.0,paid
443,2026-02-04 19:50:00,华东,store,服饰,31,5,967.95,125.83,0.0,paid
444,2026-02-04 09:25:00,西南,online,家电,22,5,5259.15,0.0,0.0,paid
445,2026-02-05 14:21:00,华南,distributor,食品,71,1,60.77,7.9,0.0,paid
446,2026-02-05 19:51:00,华东,store,家电,93,5,4539.95,590.19,0.0,paid
447,2026-02-05 08:43:00,华南,online,家电,45,1,890.01,0.0,0.0,paid
448,2026-02-06 09:21:00,华南,online,家电,95,3,2319.42,0.0,0.0,paid
449,2026-02-06 18:19:00,西南,store,服饰,16,2,387.18,0.0,0.0,paid
450,2026-02-06 15:41:00,华北,online,食品,42,5,262.55,0.0,0.0,paid
451,2026-02-07 13:46:00,华东,store,服饰,119,1,260.51,0.0,0.0,cancelled
452,2026-02-07 19:14:00,华东,distributor,家电,39,1,872.03,0.0,0.0,paid
453,2026-02-08 15:22:00,西南,online,服饰,71,3,645.3,45.17,0.0,paid
454,2026-02-08 20:29:00,华东,online,家电,64,2,2103.66,294.51,0.0,paid
455,2026-02-08 15:45:00,华东,store,食品,71,3,191.16,0.0,191.16,refunded
456,2026-02-09 15:32:00,华东,store,服饰,38,3,587.94,88.19,0.0,paid
457,2026-02-09 20:38:00,华东,distributor,服饰,9,5,1398.15,209.72,0.0,paid
458,2026-02-09 17:52:00,西南,store,服饰,44,3,824.55,74.21,0.0,paid
459,2026-02-10 16:50:00,华北,online,食品,29,5,306.8,0.0,0.0,paid
460,2026-02-10 21:30:00,华东,distributor,食品,8,1,65.49,0.0,0.0,paid
461,2026-02-10 20:54:00,华南,distributor,食品,24,4,217.12,0.0,217.12,refunded
462,2026-02-11 09:49:00,华东,store,食品,75,4,238.36,11.92,0.0,paid
463,2026-02-12 11:37:00,华东,online,服饰,17,3,760.02,0.0,0.0,paid
464,2026-02-13 12:20:00,华东,online,食品,59,3,178.77,0.0,0.0,paid
465,2026-02-14 08:16:00,华北,online,服饰,51,2,516.24,30.97,0.0,paid
466,2026-02-14 15:55:00,西南,store,家电,47,1,728.19,0.0,0.0,paid
467,2026-02-15 14:45:00,西南,online,家电,52,1,961.93,115.43,846.5,refunded
468,2026-02-15 20:10:00,华东,online,食品,10,4,236.0,23.6,0.0,paid
469,2026-02-16 13:45:00,华南,online,家电,94,3,2238.51,0.0,0.0,paid
470,2026-02-16 10:31:00,华东,online,食品,104,1,70.21,0.0,70.21,refunded
471,2026-02-17 09:05:00,华北,online,食品,72,2,94.4,5.66,0.0,paid
472,2026-02-17 14:58:00,华东,distributor,家电,102,2,1564.26,0.0,0.0,paid
473,2026-02-18 21:03:00,华东,online,食品,85,4,233.64,0.0,0.0,paid
474,2026-02-18 18:19:00,华北,online,食品,118,1,53.69,0.0,0.0,paid
475,2026-02-18 17:49:00,华北,store,家电,49,3,2454.27,0.0,2454.27,refunded
476,2026-02-19 19:32:00,华南,online,家电,36,4,3452.16,207.13,0.0,paid
477,2026-02-19 16:07:00,华北,store,食品,102,5,348.1,0.0,0.0,paid
478,2026-02-20 21:31:00,华南,online,服饰,110,3,688.32,68.83,0.0,paid
479,2026-02-20 15:42:00,华北,store,食品,95,2,102.66,11.29,0.0,paid
480,2026-02-20 15:17:00,华北,online,服饰,28,2,396.74,27.77,0.0,paid
481,2026-02-21 14:41:00,华东,distributor,食品,58,2,132.16,9.25,0.0,cancelled
482,2026-02-21 15:40:00,华东,online,食品,69,1,70.21,0.0,0.0,paid
483,2026-02-22 21:19:00,华北,online,服饰,46,4,812.6,0.0,0.0,paid
484,2026-02-22 12:25:00,华北,store,服饰,44,5,1075.5,96.8,0.0,paid
485,2026-02-23 20:13:00,华南,online,服饰,70,4,812.6,0.0,0.0,cancelled
486,2026-02-24 15:37:00,华东,online,食品,98,2,133.34,13.33,120.01,refunded
487,2026-02-24 09:47:00,华东,online,家电,104,3,2292.45,275.09,0.0,paid
488,2026-02-24 18:41:00,华北,online,食品,118,4,276.12,0.0,276.12,refunded
489,2026-02-25 19:36:00,华东,distributor,服饰,7,2,525.8,0.0,525.8,refunded
490,2026-02-25 21:01:00,华南,store,家电,102,3,2373.36,237.34,0.0,paid
491,2026-02-26 12:51:00,华东,store,服饰,6,1,203.15,0.0,0.0,paid
492,2026-02-26 21:58:00,华东,store,家电,31,1,899.0,0.0,0.0,paid
493,2026-02-26 11:00:00,华东,store,服饰,73,3,838.89,0.0,838.89,refunded
494,2026-02-27 10:15:00,西南,store,食品,83,4,200.6,0.0,200.6,refunded
495,2026-02-27 20:10:00,华北,distributor,食品,120,5,247.8,0.0,247.8,refunded
496,2026-02-27 18:40:00,华南,distributor,家电,14,4,3524.08,0.0,0.0,paid
497,2026-02-28 15:33:00,华南,distributor,家电,95,2,1833.96,0.0,0.0,paid
498,2026-02-28 14:36:00,西南,store,食品,67,5,283.2,0.0,0.0,paid
499,2026-03-01 09:34:00,华北,online,服饰,12,4,841.28,0.0,841.28,refunded
500,2026-03-01 09:22:00,华北,online,服饰,70,1,265.29,0.0,0.0,paid
501,2026-03-01 10:57:00,西南,store,家电,84,3,2723.97,0.0,0.0,paid
502,2026-03-02 21:33:00,华东,store,家电,53,5,4854.6,0.0,0.0,paid
503,2026-03-03 11:03:00,华北,store,食品,22,4,269.04,0.0,0.0,paid
504,2026-03-03 10:15:00,华南,store,服饰,89,4,1013.36,101.34,0.0,paid
505,2026-03-04 21:25:00,华南,store,食品,34,5,262.55,21.0,0.0,paid
506,2026-03-04 20:32:00,华东,distributor,服饰,23,3,853.23,0.0,853.23,refunded
507,2026-03-04 11:16:00,华东,online,食品,23,2,127.44,7.65,0.0,cancelled
508,2026-03-05 11:47:00,华南,online,服饰,50,3,709.83,49.69,660.14,refunded
509,2026-03-06 14:33:00,华东,distributor,食品,67,2,94.4,0.0,0.0,paid
510,2026-03-06 21:30:00,华北,online,服饰,72,3,795.87,0.0,0.0,paid
511,2026-03-07 12:39:00,华东,online,家电,48,1,890.01,62.3,0.0,paid
512,2026-03-07 16:52:00,华北,store,服饰,44,2,530.58,0.0,0.0,paid
513,2026-03-07 08:39:00,华东,store,服饰,84,4,869.96,0.0,0.0,paid
514,2026-03-08 14:12:00,华北,distributor,服饰,69,3,652.47,0.0,0.0,paid
515,2026-03-09 13:56:00,华北,online,食品,112,1,59.0,7.08,0.0,paid
516,2026-03-10 08:24:00,华东,store,食品,93,2,119.18,0.0,0.0,paid
517,2026-03-11 11:22:00,华北,online,家电,72,2,2013.76,0.0,0.0,paid
518,2026-03-11 10:44:00,华南,online,服饰,92,3,774.36,0.0,0.0,cancelled
519,2026-03-12 16:22:00,华南,distributor,家电,98,1,1078.8,86.3,0.0,paid
520,2026-03-13 11:28:00,华北,online,服饰,83,1,219.88,32.98,0.0,paid
521,2026-03-13 21:12:00,华南,online,服饰,54,5,1039.65,0.0,0.0,paid
522,2026-03-13 09:35:00,华北,distributor,食品,49,4,212.4,21.24,0.0,paid
523,2026-03-14 17:28:00,西南,store,食品,106,1,62.54,0.0,0.0,cancelled
524,2026-03-14 14:44:00,华南,store,服饰,115,2,391.96,43.12,0.0,paid
525,2026-03-14 17:31:00,华东,online,服饰,16,4,803.04,88.33,0.0,paid
526,2026-03-15 15:47:00,华南,store,服饰,103,5,1027.7,102.77,0.0,paid
527,2026-03-16 16:06:00,西南,online,服饰,53,4,1137.64,125.14,0.0,paid
528,2026-03-16 11:46:00,华南,store,服饰,25,4,822.16,0.0,822.16,refunded
529,2026-03-17 18:54:00,华东,store,家电,65,1,782.13,0.0,782.13,refunded
530,2026-03-17 10:44:00,华南,online,家电,68,3,2346.39,0.0,0.0,paid
531,2026-03-18 14:08:00,华东,store,服饰,89,3,623.79,0.0,0.0,paid
532,2026-03-19 20:50:00,华北,distributor,服饰,74,2,425.42,25.53,0.0,paid
533,2026-03-19 10:13:00,西南,distributor,家电,83,3,3020.64,0.0,0.0,paid
534,2026-03-19 16:22:00,华南,store,食品,62,3,157.53,0.0,0.0,paid
535,2026-03-20 12:43:00,华东,online,服饰,27,1,229.44,0.0,0.0,paid
536,2026-03-20 13:48:00,华南,online,服饰,37,3,695.49,76.5,0.0,paid
537,2026-03-20 09:38:00,西南,online,食品,30,2,128.62,6.43,0.0,paid
538,2026-03-21 18:24:00,华东,store,服饰,97,5,1266.7,0.0,1266.7,refunded
539,2026-03-21 19:55:00,华东,online,食品,80,3,210.63,0.0,0.0,paid
540,2026-03-21 21:32:00,华北,store,家电,65,5,4899.55,0.0,0.0,paid
541,2026-03-22 19:18:00,华南,online,家电,56,5,4090.45,0.0,0.0,paid
542,2026-03-23 09:21:00,华东,online,食品,64,2,133.34,0.0,0.0,paid
543,2026-03-23 19:37:00,华东,distributor,食品,12,2,116.82,11.68,0.0,paid
544,2026-03-23 21:22:00,华东,distributor,食品,105,4,188.8,28.32,0.0,paid
545,2026-03-24 19:26:00,华东,store,服饰,99,1,212.71,0.0,0.0,paid
546,2026-03-25 10:00:00,华北,online,食品,79,2,119.18,0.0,0.0,cancelled
547,2026-03-25 16:12:00,华南,online,服饰,50,5,1063.55,0.0,0.0,cancelled
548,2026-03-25 12:28:00,华北,store,食品,62,1,57.23,0.0,57.23,refunded
549,2026-03-26 10:03:00,华北,online,食品,110,5,250.75,35.1,0.0,paid
550,2026-03-27 14:10:00,华南,distributor,家电,75,3,2265.48,0.0,0.0,paid
551,2026-03-27 08:04:00,华北,online,家电,106,5,3685.9,552.88,0.0,cancelled
552,2026-03-27 17:10:00,华东,online,食品,60,3,191.16,0.0,0.0,paid
553,2026-03-28 21:39:00,华南,online,食品,86,5,315.65,22.1,0.0,paid
554,2026-03-29 16:44:00,华南,store,家电,78,5,3820.75,0.0,0.0,paid
555,2026-03-29 18:51:00,华东,online,服饰,51,2,401.52,56.21,0.0,paid
556,2026-03-29 18:45:00,华东,store,食品,48,5,315.65,0.0,0.0,paid
557,2026-03-30 08:20:00,华东,distributor,家电,25,5,3640.95,0.0,0.0,paid
558,2026-03-31 12:56:00,华北,online,服饰,16,5,1206.95,72.42,0.0,paid
559,2026-04-01 21:54:00,华东,store,食品,95,2,115.64,17.35,0.0,paid
560,2026-04-02 15:54:00,华南,store,家电,60,5,4495.0,539.4,0.0,paid
561,2026-04-02 08:58:00,华东,distributor,食品,18,3,166.38,0.0,0.0,paid
562,2026-04-03 19:23:00,西南,store,家电,66,5,5079.35,0.0,0.0,cancelled
563,2026-04-04 08:20:00,华南,online,家电,19,1,979.91,0.0,0.0,paid
564,2026-04-04 21:38:00,华东,store,食品,44,4,228.92,0.0,0.0,paid
565,2026-04-04 10:51:00,华东,online,食品,53,1,60.77,0.0,0.0,paid
566,2026-04-05 13:52:00,西南,distributor,食品,41,1,49.56,0.0,0.0,paid
567,2026-04-06 11:01:00,华南,store,家电,65,1,719.2,50.34,0.0,paid
568,2026-04-07 13:04:00,华北,distributor,家电,106,5,4135.4,372.19,0.0,paid
569,2026-04-08 21:51:00,华北,online,食品,68,4,198.24,0.0,0.0,paid
570,2026-04-08 14:06:00,华南,online,食品,74,3,207.09,20.71,0.0,paid
571,2026-04-08 20:06:00,西南,store,家电,33,2,2085.68,0.0,0.0,paid
572,2026-04-09 13:53:00,华北,online,服饰,36,1,200.76,14.05,0.0,paid
573,2026-04-10 16:50:00,华北,online,食品,74,1,51.33,0.0,0.0,paid
574,2026-04-10 10:56:00,华南,online,食品,28,3,192.93,17.36,0.0,paid
575,2026-04-10 17:52:00,华北,store,服饰,61,2,501.9,0.0,0.0,paid
576,2026-04-11 17:47:00,华北,store,服饰,81,3,724.17,0.0,0.0,paid
577,2026-04-11 09:57:00,华南,online,服饰,76,5,956.0,95.6,0.0,paid
578,2026-04-11 21:59:00,华东,online,家电,69,3,2723.97,299.64,0.0,cancelled
579,2026-04-12 20:55:00,西南,distributor,服饰,43,5,991.85,148.78,0.0,paid
580,2026-04-12 21:03:00,华东,distributor,食品,68,2,110.92,8.87,0.0,paid
581,2026-04-12 20:06:00,华东,online,食品,96,5,300.9,0.0,0.0,paid
582,2026-04-13 15:39:00,华东,distributor,服饰,81,2,506.68,0.0,506.68,refunded
583,2026-04-13 19:35:00,华东,online,服饰,70,4,1137.64,79.63,0.0,paid
584,2026-04-13 14:24:00,西南,online,家电,16,5,3775.8,226.55,0.0,paid
585,2026-04-14 20:49:00,华南,online,家电,25,3,2697.0,188.79,0.0,paid
586,2026-04-14 11:59:00,华北,online,食品,65,1,51.92,0.0,0.0,paid
587,2026-04-14 08:32:00,华北,online,服饰,95,5,1183.05,59.15,0.0,paid
588,2026-04-15 21:52:00,华南,online,食品,40,4,210.04,0.0,0.0,paid
589,2026-04-15 08:02:00,华东,online,食品,70,4,243.08,19.45,0.0,paid
590,2026-04-16 09:53:00,西南,store,家电,86,4,3380.24,0.0,3380.24,refunded
591,2026-04-16 20:08:00,西南,store,食品,50,1,53.1,0.0,0.0,cancelled
592,2026-04-17 17:47:00,华南,store,家电,13,5,3955.6,0.0,0.0,paid
593,2026-04-17 09:50:00,西南,store,服饰,116,3,752.85,0.0,0.0,paid
594,2026-04-17 12:36:00,华南,store,家电,10,3,3128.52,0.0,0.0,cancelled
595,2026-04-18 15:02:00,华东,store,家电,51,2,1798.0,269.7,0.0,paid
596,2026-04-18 11:13:00,华北,store,食品,107,2,129.8,0.0,0.0,cancelled
597,2026-04-18 12:57:00,华北,store,服饰,60,5,1230.85,0.0,0.0,cancelled
598,2026-04-19 19:13:00,华北,store,服饰,113,5,1278.65,0.0,0.0,paid
599,2026-04-19 14:04:00,华南,online,家电,98,3,2535.18,177.46,0.0,paid
600,2026-04-19 17:27:00,西南,store,食品,11,1,67.26,9.42,0.0,paid
601,2026-04-20 20:00:00,华东,online,家电,37,5,4315.2,0.0,0.0,cancelled
602,2026-04-21 16:27:00,华北,distributor,服饰,103,1,229.44,29.83,199.61,refunded
603,2026-04-22 09:14:00,西南,online,食品,39,5,303.85,0.0,0.0,paid
604,2026-04-22 14:24:00,华北,online,服饰,10,3,774.36,0.0,0.0,paid
605,2026-04-22 19:36:00,华东,online,食品,92,1,63.72,0.0,0.0,paid
606,2026-04-23 18:22:00,华北,online,食品,47,2,126.26,0.0,0.0,paid
607,2026-04-23 12:31:00,西南,online,家电,95,4,3164.48,0.0,0.0,cancelled
608,2026-04-24 16:20:00,华东,distributor,家电,49,4,3524.08,0.0,0.0,paid
609,2026-04-24 10:31:00,华南,online,服饰,96,2,573.6,0.0,0.0,paid
610,2026-04-24 09:49:00,华南,store,食品,65,5,247.8,0.0,0.0,paid
611,2026-04-25 21:56:00,华南,online,家电,40,1,1024.86,0.0,0.0,paid
612,2026-04-25 13:56:00,华南,distributor,服饰,62,5,1362.3,0.0,0.0,paid
613,2026-04-25 11:12:00,华北,distributor,家电,87,1,836.07,0.0,0.0,paid
614,2026-04-26 20:14:00,西南,online,家电,83,4,3272.36,229.07,0.0,paid
615,2026-04-26 15:21:00,华东,online,食品,65,5,342.2,41.06,0.0,paid
616,2026-04-27 08:20:00,华北,store,服饰,58,1,200.76,0.0,0.0,paid
617,2026-04-27 14:17:00,华南,online,食品,100,1,58.41,0.0,0.0,paid
618,2026-04-28 18:42:00,华东,store,服饰,31,1,270.07,32.41,0.0,paid
619,2026-04-28 20:30:00,华南,store,家电,81,3,3101.55,0.0,0.0,paid
620,2026-04-29 21:26:00,华东,distributor,服饰,95,5,1422.05,0.0,0.0,cancelled
621,2026-04-29 17:40:00,华东,online,服饰,74,4,889.08,0.0,889.08,refunded
622,2026-04-30 18:09:00,华东,online,食品,5,1,49.56,4.46,0.0,paid
623,2026-04-30 16:19:00,华东,distributor,家电,42,5,4180.35,0.0,0.0,paid
624,2026-04-30 11:41:00,华北,online,家电,57,5,3730.85,522.32,0.0,paid
625,2026-05-01 19:08:00,华东,store,服饰,21,5,1410.1,0.0,0.0,cancelled
626,2026-05-01 19:43:00,华东,store,食品,116,2,134.52,0.0,0.0,paid
627,2026-05-01 13:44:00,西南,store,食品,76,5,286.15,34.34,251.81,refunded
628,2026-05-02 14:16:00,华东,online,服饰,70,3,623.79,0.0,0.0,paid
629,2026-05-02 16:07:00,华北,online,家电,53,4,3919.64,431.16,0.0,paid
630,2026-05-02 10:39:00,华东,store,家电,67,2,1923.86,0.0,0.0,paid
631,2026-05-03 17:04:00,西南,distributor,家电,17,2,1815.98,0.0,0.0,paid
632,2026-05-04 09:00:00,华北,online,服饰,88,4,783.92,0.0,0.0,cancelled
633,2026-05-04 09:21:00,西南,store,食品,67,1,57.82,0.0,0.0,paid
634,2026-05-05 11:31:00,华北,store,家电,67,3,3182.46,0.0,0.0,paid
635,2026-05-05 20:12:00,华南,online,家电,74,2,1833.96,256.75,1577.21,refunded
636,2026-05-06 17:34:00,华北,online,食品,105,1,66.08,0.0,0.0,paid
637,2026-05-06 15:56:00,西南,online,服饰,81,5,1302.55,169.33,0.0,cancelled
638,2026-05-07 14:51:00,华东,distributor,服饰,62,5,1063.55,85.08,0.0,paid
639,2026-05-07 09:21:00,西南,online,家电,43,3,2184.57,0.0,0.0,paid
640,2026-05-08 20:08:00,华南,store,家电,8,4,3883.68,310.69,0.0,paid
641,2026-05-09 09:32:00,华北,store,服饰,49,1,253.34,38.0,215.34,refunded
642,2026-05-09 20:33:00,西南,online,食品,44,5,274.35,0.0,0.0,paid
643,2026-05-10 21:54:00,华东,online,服饰,21,4,793.48,0.0,0.0,paid
644,2026-05-10 21:47:00,华东,distributor,服饰,116,2,420.64,0.0,0.0,paid
645,2026-05-10 09:03:00,西南,online,服饰,89,4,812.6,0.0,0.0,paid
646,2026-05-11 18:53:00,华北,online,家电,105,1,916.98,91.7,0.0,paid
647,2026-05-12 12:44:00,华东,online,服饰,93,2,411.08,0.0,0.0,cancelled
648,2026-05-12 09:34:00,西南,online,家电,98,1,800.11,0.0,0.0,paid
649,2026-05-12 20:39:00,华东,online,家电,2,2,2157.6,0.0,2157.6,refunded
650,2026-05-13 20:48:00,华东,store,服饰,107,2,559.26,0.0,0.0,paid
651,2026-05-14 12:36:00,华东,online,家电,48,2,1492.34,134.31,0.0,paid
652,2026-05-14 12:29:00,华南,store,食品,90,3,178.77,0.0,0.0,paid
653,2026-05-15 13:19:00,华东,store,家电,88,4,3667.92,0.0,0.0,paid
654,2026-05-15 12:05:00,华北,store,服饰,51,3,745.68,0.0,0.0,paid
655,2026-05-15 14:10:00,华南,online,家电,20,4,4171.36,417.14,0.0,paid
656,2026-05-16 14:31:00,华东,distributor,食品,104,3,180.54,0.0,0.0,paid
657,2026-05-16 16:49:00,华北,distributor,家电,117,2,1941.84,0.0,0.0,paid
658,2026-05-16 12:27:00,西南,store,家电,43,5,4495.0,674.25,0.0,paid
659,2026-05-17 21:59:00,华东,distributor,家电,107,1,916.98,0.0,0.0,paid
660,2026-05-17 15:20:00,华北,distributor,服饰,115,4,1051.6,94.64,0.0,paid
661,2026-05-18 18:54:00,华东,store,家电,45,2,2013.76,261.79,0.0,paid
662,2026-05-19 12:30:00,华南,online,服饰,3,5,1218.9,158.46,1060.44,refunded
663,2026-05-19 08:38:00,华东,online,服饰,36,1,236.61,0.0,0.0,paid
664,2026-05-19 08:01:00,华南,store,食品,31,4,231.28,0.0,0.0,paid
665,2026-05-20 19:49:00,华东,online,家电,96,4,4099.44,0.0,0.0,paid
666,2026-05-20 17:14:00,华南,store,食品,56,2,120.36,0.0,0.0,paid
667,2026-05-20 14:59:00,华南,store,家电,79,3,2157.6,258.91,0.0,paid
668,2026-05-21 20:40:00,华南,store,家电,76,1,719.2,0.0,0.0,paid
669,2026-05-21 11:30:00,华北,distributor,食品,69,2,141.6,21.24,0.0,paid
670,2026-05-22 11:12:00,华南,online,服饰,112,3,810.21,56.71,0.0,paid
671,2026-05-22 12:41:00,华南,online,家电,70,4,4027.52,0.0,4027.52,refunded
672,2026-05-22 16:26:00,华东,online,家电,95,5,4135.4,0.0,0.0,paid
673,2026-05-23 21:17:00,西南,online,家电,6,1,791.12,0.0,791.12,refunded
674,2026-05-23 16:14:00,华东,store,食品,2,2,112.1,0.0,0.0,paid
675,2026-05-23 16:01:00,华南,distributor,服饰,4,3,760.02,0.0,0.0,paid
676,2026-05-24 10:39:00,华东,store,家电,110,1,737.18,0.0,0.0,paid
677,2026-05-24 19:02:00,华北,store,服饰,1,5,1027.7,102.77,0.0,paid
678,2026-05-24 12:55:00,华东,distributor,食品,19,1,49.56,5.45,0.0,paid
679,2026-05-25 19:16:00,华北,distributor,家电,82,3,2723.97,163.44,0.0,paid
680,2026-05-25 17:32:00,西南,online,食品,64,1,57.82,0.0,0.0,paid
681,2026-05-26 20:13:00,华南,online,服饰,99,4,889.08,0.0,0.0,paid
682,2026-05-27 19:37:00,华北,online,食品,19,5,306.8,24.54,0.0,paid
683,2026-05-27 16:33:00,华东,store,食品,67,3,187.62,0.0,0.0,paid
684,2026-05-28 15:33:00,华南,distributor,食品,57,3,152.22,0.0,0.0,paid
685,2026-05-28 20:50:00,西南,distributor,食品,4,4,264.32,0.0,264.32,refunded
686,2026-05-28 13:03:00,西南,store,服饰,15,3,803.04,72.27,0.0,paid
687,2026-05-29 10:54:00,华北,store,服饰,114,2,492.34,0.0,0.0,paid
688,2026-05-29 17:19:00,华南,store,家电,48,1,827.08,124.06,0.0,paid
689,2026-05-29 10:41:00,华南,store,食品,64,2,122.72,0.0,0.0,paid
690,2026-05-30 19:02:00,华南,online,家电,79,5,5169.25,0.0,0.0,paid
691,2026-05-30 21:12:00,华东,online,家电,75,2,1618.2,0.0,0.0,paid
692,2026-05-31 19:32:00,西南,store,家电,54,1,907.99,0.0,0.0,paid
693,2026-05-31 16:01:00,华北,online,食品,50,5,315.65,0.0,0.0,paid
694,2026-06-01 09:34:00,华东,online,家电,30,4,3775.8,0.0,0.0,paid
695,2026-06-01 15:14:00,华北,distributor,食品,32,2,112.1,0.0,0.0,paid
696,2026-06-02 10:40:00,西南,store,食品,93,2,107.38,11.81,95.57,refunded
697,2026-06-03 21:38:00,华东,online,家电,1,5,4854.6,291.28,0.0,paid
698,2026-06-04 14:05:00,西南,online,食品,101,5,345.15,37.97,0.0,paid
699,2026-06-04 15:49:00,华东,store,服饰,19,4,927.32,46.37,0.0,paid
700,2026-06-05 20:40:00,华东,store,服饰,109,5,991.85,128.94,862.91,refunded
701,2026-06-05 17:57:00,华南,distributor,家电,105,2,1923.86,0.0,0.0,paid
702,2026-06-06 21:06:00,西南,online,食品,97,4,257.24,0.0,0.0,paid
703,2026-06-06 18:14:00,华南,online,服饰,8,5,1374.25,0.0,0.0,paid
704,2026-06-06 21:39:00,西南,distributor,食品,106,3,205.32,28.74,0.0,paid
705,2026-06-07 18:35:00,华南,online,食品,55,5,306.8,0.0,0.0,cancelled
706,2026-06-07 18:42:00,华东,distributor,食品,29,5,333.35,0.0,0.0,paid
707,2026-06-08 12:17:00,西南,online,食品,17,4,240.72,0.0,0.0,paid
708,2026-06-09 10:31:00,华南,online,家电,46,3,2319.42,255.14,0.0,paid
709,2026-06-09 18:31:00,华南,store,服饰,45,5,1350.35,0.0,0.0,paid
710,2026-06-10 17:04:00,西南,online,食品,95,4,231.28,13.88,0.0,paid
711,2026-06-10 15:24:00,华东,online,家电,74,5,4225.3,507.04,0.0,cancelled
712,2026-06-10 08:40:00,华北,store,家电,71,5,4450.05,0.0,0.0,paid
713,2026-06-11 17:00:00,华北,online,食品,109,2,96.76,12.58,0.0,paid
714,2026-06-11 15:18:00,华南,store,食品,117,4,278.48,0.0,0.0,paid
715,2026-06-11 13:28:00,华南,distributor,食品,118,5,274.35,0.0,0.0,paid
716,2026-06-12 12:46:00,西南,online,食品,42,5,277.3,0.0,0.0,paid
717,2026-06-12 08:12:00,华北,store,食品,14,3,187.62,24.39,0.0,paid
718,2026-06-13 18:07:00,华东,distributor,服饰,65,5,1111.35,0.0,0.0,paid
719,2026-06-13 16:20:00,西南,distributor,服饰,51,5,1135.25,0.0,0.0,paid
720,2026-06-14 19:29:00,华南,online,食品,87,5,295.0,0.0,295.0,refunded
721,2026-06-14 10:00:00,华南,distributor,服饰,8,3,846.06,0.0,0.0,paid
722,2026-06-15 20:39:00,西南,online,服饰,63,2,401.52,52.2,0.0,paid
723,2026-06-16 08:07:00,西南,distributor,食品,22,3,141.6,0.0,0.0,paid
724,2026-06-17 18:19:00,华北,online,服饰,58,2,468.44,0.0,0.0,paid
725,2026-06-17 18:13:00,华东,store,服饰,29,3,860.4,111.85,0.0,paid
726,2026-06-17 20:44:00,华南,online,家电,53,5,4315.2,604.13,0.0,cancelled
727,2026-06-18 09:28:00,华东,store,服饰,109,3,638.13,0.0,0.0,paid
728,2026-06-19 10:48:00,华东,store,食品,64,1,67.85,6.79,0.0,paid
729,2026-06-19 10:11:00,华南,store,家电,5,4,4243.28,0.0,0.0,paid
730,2026-06-19 09:29:00,华东,online,家电,74,4,2948.72,235.9,0.0,paid
731,2026-06-20 18:31:00,华东,distributor,食品,13,3,191.16,9.56,0.0,paid
732,2026-06-20 19:51:00,西南,online,家电,102,2,2013.76,221.51,0.0,paid
733,2026-06-21 19:07:00,华南,online,食品,58,2,139.24,0.0,139.24,refunded
734,2026-06-21 13:43:00,华南,store,服饰,50,5,1398.15,0.0,0.0,paid
735,2026-06-21 08:39:00,华东,online,家电,93,5,4584.9,0.0,4584.9,refunded
736,2026-06-22 12:47:00,华北,online,食品,102,3,194.7,0.0,194.7,refunded
737,2026-06-22 17:14:00,华东,store,食品,72,3,145.14,0.0,0.0,paid
738,2026-06-23 11:45:00,华东,online,服饰,5,5,1206.95,0.0,0.0,paid
739,2026-06-23 20:48:00,华东,online,服饰,110,3,623.79,68.62,555.17,refunded
740,2026-06-24 20:10:00,西南,distributor,服饰,117,1,234.22,32.79,0.0,paid
741,2026-06-24 16:39:00,华北,online,服饰,76,5,1266.7,0.0,0.0,paid
742,2026-06-25 14:58:00,华东,online,服饰,109,3,831.72,116.44,0.0,paid
743,2026-06-25 18:20:00,西南,online,家电,101,4,2984.68,417.86,0.0,paid
744,2026-06-25 11:19:00,华东,online,食品,31,1,54.28,0.0,0.0,paid
745,2026-06-26 17:20:00,华南,distributor,家电,73,4,3703.88,481.5,0.0,paid
746,2026-06-27 19:40:00,华南,distributor,食品,57,4,247.8,34.69,0.0,paid
747,2026-06-27 20:38:00,华东,store,家电,55,5,4360.15,610.42,0.0,paid
748,2026-06-28 12:37:00,华东,online,食品,38,5,236.0,0.0,0.0,paid
749,2026-06-28 14:04:00,华北,online,食品,10,5,236.0,0.0,0.0,paid
750,2026-06-28 12:08:00,西南,distributor,服饰,58,2,449.32,31.45,0.0,paid
751,2026-06-29 21:38:00,西南,online,服饰,57,4,1118.52,0.0,0.0,paid
752,2026-06-30 13:35:00,华北,store,食品,59,5,262.55,36.76,0.0,cancelled
753,2026-07-01 18:41:00,华北,distributor,服饰,83,4,1042.04,83.36,0.0,cancelled
754,2026-07-01 19:15:00,华东,store,服饰,106,1,203.15,18.28,0.0,paid
755,2026-07-01 13:36:00,华北,store,家电,16,5,4674.8,607.72,0.0,paid
756,2026-07-02 20:50:00,华北,store,服饰,80,2,487.56,0.0,0.0,paid
757,2026-07-02 10:46:00,华东,online,家电,25,2,1546.28,0.0,0.0,paid
758,2026-07-03 12:16:00,西南,store,家电,118,5,3640.95,0.0,0.0,paid
759,2026-07-04 13:35:00,华东,online,食品,90,3,189.39,22.73,0.0,paid
760,2026-07-04 14:33:00,华南,online,食品,78,1,54.87,0.0,0.0,paid
761,2026-07-04 08:50:00,华东,store,家电,84,2,1959.82,0.0,0.0,paid
762,2026-07-05 13:26:00,华北,store,家电,56,3,2508.21,0.0,0.0,paid
763,2026-07-05 12:40:00,西南,distributor,家电,46,4,4099.44,573.92,0.0,paid
764,2026-07-05 09:02:00,西南,online,服饰,8,5,1183.05,70.98,0.0,paid
765,2026-07-06 11:17:00,华东,distributor,食品,56,1,52.51,0.0,0.0,paid
766,2026-07-07 12:04:00,华北,online,食品,8,5,253.7,0.0,0.0,paid
767,2026-07-07 09:25:00,华北,online,食品,22,1,70.21,10.53,0.0,paid
768,2026-07-08 08:00:00,华北,online,服饰,17,3,595.11,0.0,0.0,cancelled
769,2026-07-08 18:50:00,西南,distributor,食品,32,4,271.4,24.43,0.0,paid
770,2026-07-08 13:56:00,华南,online,服饰,23,1,212.71,0.0,0.0,paid
771,2026-07-09 10:14:00,华东,store,服饰,75,5,1003.8,0.0,0.0,paid
772,2026-07-10 21:07:00,华北,online,食品,91,4,283.2,0.0,0.0,paid
773,2026-07-11 15:05:00,华北,store,服饰,10,2,425.42,0.0,0.0,paid
774,2026-07-11 12:38:00,华北,distributor,食品,83,5,274.35,0.0,0.0,paid
775,2026-07-11 14:35:00,华南,distributor,家电,102,5,4180.35,0.0,0.0,paid
776,2026-07-12 11:23:00,华东,store,家电,117,1,782.13,0.0,0.0,paid
777,2026-07-12 14:54:00,华东,store,家电,59,4,3200.44,0.0,0.0,paid
778,2026-07-12 09:47:00,华东,store,家电,87,5,5259.15,0.0,0.0,paid
779,2026-07-13 15:05:00,华东,online,家电,41,4,3739.84,0.0,3739.84,refunded
780,2026-07-13 19:50:00,华东,online,食品,87,2,122.72,6.14,0.0,paid
781,2026-07-14 09:43:00,华东,online,服饰,23,3,731.34,0.0,0.0,paid
782,2026-07-14 16:09:00,西南,online,服饰,78,1,265.29,21.22,0.0,paid
783,2026-07-14 16:58:00,华东,online,食品,80,4,193.52,0.0,0.0,paid
784,2026-07-15 09:21:00,西南,distributor,家电,80,1,809.1,0.0,0.0,paid
785,2026-07-15 11:40:00,华东,distributor,服饰,114,5,1410.1,0.0,1410.1,refunded
786,2026-07-15 18:21:00,华北,online,食品,61,3,200.01,0.0,0.0,paid
787,2026-07-16 16:04:00,华北,online,家电,36,1,836.07,66.89,0.0,paid
788,2026-07-17 18:45:00,西南,online,服饰,20,4,764.8,0.0,0.0,paid
789,2026-07-18 20:06:00,华南,distributor,服饰,1,4,898.64,0.0,898.64,refunded
790,2026-07-19 19:21:00,西南,distributor,食品,86,5,339.25,0.0,0.0,paid
791,2026-07-19 13:52:00,西南,store,服饰,6,4,1147.2,0.0,0.0,cancelled
792,2026-07-20 15:56:00,华南,online,家电,13,1,890.01,44.5,0.0,paid
793,2026-07-21 11:11:00,西南,store,食品,64,4,247.8,0.0,0.0,paid
794,2026-07-21 17:58:00,华北,store,家电,99,2,2067.7,124.06,0.0,paid
795,2026-07-21 14:32:00,华东,online,食品,3,4,195.88,11.75,0.0,paid
796,2026-07-22 20:04:00,华北,store,服饰,33,3,724.17,101.38,0.0,cancelled
797,2026-07-22 12:09:00,华北,distributor,食品,74,4,202.96,0.0,0.0,cancelled
798,2026-07-23 13:49:00,华北,online,食品,107,5,238.95,0.0,0.0,paid
799,2026-07-23 12:34:00,华东,distributor,食品,58,2,110.92,0.0,0.0,paid
800,2026-07-23 12:08:00,华北,online,食品,19,5,295.0,0.0,0.0,paid
801,2026-07-24 20:04:00,华南,store,服饰,12,2,382.4,49.71,0.0,paid
802,2026-07-24 20:32:00,华北,distributor,服饰,83,3,853.23,0.0,0.0,paid
803,2026-07-25 17:46:00,西南,store,食品,73,5,277.3,0.0,0.0,paid
804,2026-07-25 20:55:00,华东,store,服饰,52,1,207.93,0.0,0.0,paid
805,2026-07-25 21:26:00,华南,online,服饰,18,2,473.22,0.0,0.0,paid
806,2026-07-26 14:13:00,华东,online,食品,51,5,333.35,0.0,0.0,paid
807,2026-07-26 12:11:00,华北,store,服饰,28,5,1051.6,63.1,0.0,cancelled
808,2026-07-27 16:05:00,华北,online,食品,38,2,136.88,10.95,0.0,paid
809,2026-07-27 11:46:00,西南,online,食品,101,1,53.1,0.0,0.0,paid
810,2026-07-27 21:39:00,华北,store,服饰,45,3,803.04,40.15,0.0,paid
811,2026-07-28 20:32:00,华北,distributor,食品,39,4,221.84,0.0,0.0,paid
812,2026-07-28 19:39:00,华南,store,服饰,81,4,774.36,0.0,0.0,cancelled
813,2026-07-29 09:34:00,华东,online,家电,51,2,1923.86,0.0,0.0,paid
814,2026-07-30 20:29:00,西南,online,食品,100,4,254.88,30.59,0.0,paid
815,2026-07-30 12:54:00,华北,distributor,服饰,30,1,248.56,0.0,0.0,paid
816,2026-07-30 11:39:00,西南,distributor,家电,77,2,1905.88,0.0,1905.88,refunded
817,2026-07-31 11:55:00,华东,store,家电,74,5,4135.4,0.0,0.0,paid
818,2026-07-31 13:42:00,华东,store,食品,83,2,108.56,0.0,0.0,paid
819,2026-07-31 10:42:00,华东,store,食品,11,4,278.48,0.0,0.0,cancelled
820,2026-08-01 10:43:00,华东,online,服饰,59,3,616.62,55.5,0.0,paid
821,2026-08-01 13:06:00,华南,distributor,服饰,103,1,248.56,0.0,0.0,paid
822,2026-08-01 17:58:00,西南,online,食品,64,5,268.45,0.0,268.45,refunded
823,2026-08-02 08:09:00,华东,store,家电,6,1,907.99,0.0,0.0,paid
824,2026-08-02 09:55:00,华东,online,食品,107,1,51.33,0.0,0.0,paid
825,2026-08-02 10:28:00,华南,online,食品,19,4,231.28,0.0,0.0,paid
826,2026-08-03 15:40:00,华北,online,食品,90,2,100.3,0.0,0.0,paid
827,2026-08-03 08:59:00,华南,store,家电,20,4,3272.36,458.13,0.0,paid
828,2026-08-03 14:30:00,华东,store,服饰,37,5,1386.2,0.0,0.0,paid
829,2026-08-04 12:52:00,华东,store,服饰,90,4,965.56,0.0,0.0,cancelled
830,2026-08-04 11:28:00,华南,distributor,家电,106,5,4764.7,428.82,0.0,paid
831,2026-08-05 19:35:00,西南,online,家电,23,3,2265.48,0.0,0.0,paid
832,2026-08-05 17:37:00,华东,online,家电,78,2,2049.72,0.0,0.0,cancelled
833,2026-08-05 17:57:00,华东,online,服饰,14,3,681.15,68.11,0.0,paid
834,2026-08-06 17:31:00,华北,store,服饰,96,4,850.84,42.54,0.0,paid
835,2026-08-07 12:33:00,西南,store,服饰,4,5,1230.85,0.0,0.0,paid
836,2026-08-07 17:13:00,西南,store,食品,41,3,153.99,0.0,0.0,paid
837,2026-08-07 21:58:00,华东,online,家电,100,1,1060.82,0.0,0.0,paid
838,2026-08-08 19:09:00,华南,online,家电,115,3,3074.58,0.0,0.0,paid
839,2026-08-08 19:26:00,华东,online,家电,12,3,3155.49,0.0,0.0,paid
840,2026-08-08 21:36:00,华南,store,食品,22,1,52.51,2.63,0.0,cancelled
841,2026-08-09 16:51:00,华南,online,食品,59,2,122.72,0.0,0.0,paid
842,2026-08-10 08:04:00,华东,distributor,服饰,110,2,501.9,0.0,0.0,paid
843,2026-08-10 15:18:00,华南,online,服饰,23,4,1022.92,0.0,0.0,paid
844,2026-08-11 09:29:00,西南,online,家电,38,5,4719.75,0.0,0.0,paid
845,2026-08-11 09:52:00,华东,distributor,服饰,3,4,764.8,0.0,0.0,paid
846,2026-08-11 14:17:00,华东,distributor,服饰,115,4,917.76,45.89,0.0,paid
847,2026-08-12 08:35:00,西南,online,服饰,113,2,506.68,0.0,0.0,cancelled
848,2026-08-13 13:05:00,华南,store,家电,39,5,5394.0,377.58,5016.42,refunded
849,2026-08-13 14:22:00,西南,store,服饰,106,5,1159.15,150.69,0.0,cancelled
850,2026-08-13 18:26:00,华东,store,家电,61,4,3596.0,0.0,0.0,paid
851,2026-08-14 12:30:00,西南,store,家电,86,1,836.07,0.0,836.07,refunded
852,2026-08-14 19:47:00,华南,online,食品,64,5,345.15,0.0,0.0,paid
853,2026-08-14 18:17:00,华南,online,食品,99,3,141.6,21.24,0.0,paid
854,2026-08-15 08:33:00,华东,distributor,食品,32,4,254.88,0.0,0.0,paid
855,2026-08-16 08:16:00,华北,store,家电,34,4,2948.72,0.0,0.0,paid
856,2026-08-17 13:48:00,华北,store,服饰,57,2,559.26,0.0,0.0,paid
857,2026-08-17 14:07:00,华北,store,服饰,46,2,511.46,71.6,0.0,cancelled
858,2026-08-18 19:17:00,华东,online,食品,79,2,138.06,0.0,138.06,refunded
859,2026-08-19 19:39:00,华南,store,食品,57,2,94.4,0.0,0.0,paid
860,2026-08-20 08:43:00,华北,online,食品,69,4,214.76,0.0,0.0,paid
861,2026-08-20 08:07:00,西南,online,服饰,51,2,449.32,0.0,0.0,paid
862,2026-08-20 10:05:00,华北,store,服饰,69,5,1218.9,182.84,0.0,paid
863,2026-08-21 10:40:00,华东,online,家电,67,3,2912.76,203.89,0.0,paid
864,2026-08-21 17:50:00,华东,online,服饰,110,4,860.4,77.44,782.96,refunded
865,2026-08-22 09:52:00,华北,online,家电,89,1,728.19,94.66,0.0,paid
866,2026-08-22 11:01:00,华东,store,家电,107,5,5034.4,0.0,0.0,paid
867,2026-08-23 09:33:00,华南,store,食品,93,5,265.5,21.24,244.26,refunded
868,2026-08-24 11:13:00,华北,online,服饰,99,3,595.11,53.56,0.0,paid
869,2026-08-24 12:06:00,华南,store,服饰,70,4,1118.52,156.59,961.93,refunded
870,2026-08-24 21:02:00,西南,store,食品,64,5,354.0,0.0,0.0,paid
871,2026-08-25 14:39:00,华南,online,食品,50,4,221.84,11.09,0.0,paid
872,2026-08-25 09:40:00,西南,store,家电,42,2,1546.28,123.7,1422.58,refunded
873,2026-08-26 18:09:00,华南,online,服饰,82,4,1128.08,135.37,0.0,paid
874,2026-08-27 18:11:00,华东,store,食品,90,2,121.54,6.08,0.0,paid
875,2026-08-27 21:24:00,华东,online,服饰,111,2,549.7,32.98,516.72,refunded
876,2026-08-28 19:51:00,华南,store,家电,57,4,3631.96,0.0,0.0,paid
877,2026-08-29 10:11:00,华东,store,服饰,14,4,879.52,0.0,0.0,paid
878,2026-08-30 20:27:00,华东,store,家电,96,4,3380.24,236.62,0.0,cancelled
879,2026-08-30 19:38:00,华东,store,食品,116,4,224.2,0.0,0.0,paid
880,2026-08-30 20:32:00,华东,distributor,食品,7,2,115.64,0.0,0.0,paid
881,2026-08-31 10:45:00,华东,store,食品,10,5,315.65,0.0,0.0,cancelled
882,2026-08-31 15:32:00,华东,online,食品,80,4,193.52,23.22,0.0,paid
883,2026-08-31 11:39:00,华北,online,食品,2,1,61.36,0.0,0.0,paid
884,2026-09-01 13:35:00,华南,distributor,食品,51,2,94.4,5.66,0.0,paid
885,2026-09-01 09:10:00,华北,distributor,服饰,80,5,1075.5,0.0,0.0,paid
886,2026-09-01 13:04:00,华南,distributor,服饰,7,4,831.72,0.0,0.0,paid
887,2026-09-02 19:16:00,华南,online,食品,47,1,66.67,0.0,0.0,paid
888,2026-09-03 17:05:00,华北,online,食品,110,4,212.4,0.0,0.0,paid
889,2026-09-04 14:33:00,华北,store,食品,107,2,130.98,9.17,0.0,paid
890,2026-09-04 08:51:00,华北,store,服饰,13,5,1434.0,0.0,0.0,paid
891,2026-09-05 19:57:00,华南,store,食品,1,4,228.92,0.0,228.92,refunded
892,2026-09-05 21:41:00,华北,online,家电,113,5,5034.4,302.06,0.0,paid
893,2026-09-05 10:11:00,华南,distributor,食品,69,3,177.0,10.62,0.0,paid
894,2026-09-06 21:07:00,华东,online,家电,58,5,5079.35,0.0,0.0,paid
895,2026-09-06 15:01:00,华北,store,食品,27,4,228.92,34.34,0.0,paid
896,2026-09-06 08:48:00,华北,store,服饰,46,3,760.02,83.6,0.0,cancelled
897,2026-09-07 12:19:00,华北,store,食品,67,4,228.92,16.02,0.0,paid
898,2026-09-07 15:13:00,华北,distributor,食品,23,1,47.2,3.3,43.9,refunded
899,2026-09-08 08:35:00,华东,online,食品,38,1,59.0,0.0,0.0,paid
900,2026-09-09 13:04:00,华北,store,食品,114,2,125.08,0.0,0.0,paid
901,2026-09-09 08:10:00,华南,online,食品,96,1,54.87,7.68,0.0,paid
902,2026-09-09 12:46:00,华南,distributor,食品,21,4,198.24,0.0,0.0,paid
903,2026-09-10 12:39:00,西南,online,食品,11,5,277.3,0.0,0.0,paid
904,2026-09-10 20:44:00,西南,store,家电,35,2,1744.06,0.0,0.0,cancelled
905,2026-09-10 09:45:00,华东,store,食品,105,3,177.0,0.0,0.0,paid
906,2026-09-11 19:53:00,华北,store,家电,48,5,4809.65,673.35,0.0,paid
907,2026-09-11 10:46:00,华北,store,食品,111,2,101.48,0.0,0.0,paid
908,2026-09-11 13:50:00,华南,online,家电,41,2,1564.26,0.0,0.0,paid
909,2026-09-12 18:36:00,华南,online,服饰,42,5,1003.8,0.0,0.0,paid
910,2026-09-12 08:31:00,华北,distributor,食品,50,1,70.21,0.0,0.0,paid
911,2026-09-12 14:48:00,西南,store,服饰,7,2,411.08,0.0,0.0,paid
912,2026-09-13 17:01:00,华北,online,食品,114,2,116.82,5.84,0.0,paid
913,2026-09-13 17:15:00,华南,store,食品,2,2,121.54,12.15,0.0,paid
914,2026-09-13 12:04:00,西南,distributor,服饰,58,1,248.56,0.0,0.0,paid
915,2026-09-14 09:29:00,华南,online,家电,35,1,997.89,0.0,0.0,paid
916,2026-09-14 12:14:00,华北,store,家电,75,4,3236.4,0.0,0.0,paid
917,2026-09-15 09:11:00,华东,store,食品,45,3,187.62,0.0,0.0,paid
918,2026-09-15 14:26:00,西南,online,家电,109,3,3209.43,0.0,0.0,paid
919,2026-09-16 21:41:00,西南,store,食品,100,1,55.46,0.0,0.0,paid
920,2026-09-16 16:03:00,华北,store,家电,84,4,4243.28,0.0,0.0,paid
921,2026-09-16 19:55:00,华东,online,食品,86,4,261.96,0.0,0.0,paid
922,2026-09-17 21:52:00,华北,store,服饰,23,1,258.12,0.0,0.0,paid
923,2026-09-17 08:19:00,华东,store,服饰,44,3,774.36,92.92,0.0,paid
924,2026-09-17 13:48:00,华南,store,服饰,37,1,229.44,0.0,0.0,paid
925,2026-09-18 18:10:00,华东,store,服饰,116,5,1398.15,0.0,0.0,paid
926,2026-09-18 11:23:00,西南,online,家电,67,5,4180.35,0.0,0.0,paid
927,2026-09-19 16:17:00,西南,store,服饰,8,2,406.3,48.76,0.0,paid
928,2026-09-20 10:42:00,华南,online,家电,8,1,782.13,109.5,0.0,paid
929,2026-09-21 10:27:00,华南,online,食品,117,2,103.84,0.0,0.0,paid
930,2026-09-21 18:08:00,华北,distributor,食品,90,4,257.24,15.43,0.0,paid
931,2026-09-22 14:03:00,华北,online,家电,68,2,1869.92,149.59,0.0,paid
932,2026-09-22 15:20:00,华北,store,服饰,119,5,979.9,0.0,0.0,paid
933,2026-09-22 20:08:00,华东,online,家电,31,5,4000.55,280.04,0.0,paid
934,2026-09-23 19:45:00,华北,online,家电,27,4,3416.2,307.46,0.0,paid
935,2026-09-23 20:49:00,华东,online,服饰,87,4,822.16,41.11,0.0,paid
936,2026-09-23 12:48:00,西南,distributor,家电,92,4,4207.32,0.0,0.0,cancelled
937,2026-09-24 16:47:00,华南,online,食品,2,4,261.96,0.0,0.0,paid
